{
  "config": {
    "rounds": 30,
    "workers": 16,
    "inner_steps": 8,
    "batch_size": 32,
    "block_size": 128,
    "device": "mps",
    "model_parameters": 826368
  },
  "scenarios": {
    "honest-mean-iid": {
      "scenario": {
        "key": "honest-mean-iid",
        "label": "Honest swarm, mean",
        "iid": true,
        "attack": "none",
        "n_malicious": 0,
        "aggregator": "mean",
        "audit_probability": 0.0
      },
      "val_losses": [
        2.7703388780355453,
        2.6081053763628006,
        2.543049469590187,
        2.5076465159654617,
        2.486050099134445,
        2.474089652299881,
        2.459763303399086,
        2.449953466653824,
        2.442970499396324,
        2.438788041472435,
        2.428695112466812,
        2.421265423297882,
        2.411297008395195,
        2.4095795154571533,
        2.4047833383083344,
        2.395547494292259,
        2.3908634185791016,
        2.380827233195305,
        2.3745740056037903,
        2.3705480694770813,
        2.3549974262714386,
        2.3447516411542892,
        2.328196495771408,
        2.3182733356952667,
        2.298785626888275,
        2.2872509509325027,
        2.2658905386924744,
        2.229104205965996,
        2.202901527285576,
        2.17483426630497
      ],
      "final_val_loss": 2.17483426630497,
      "best_val_loss": 2.17483426630497,
      "honest_selection_rate": 1.0,
      "malicious_selection_rate": null,
      "honest_fpr": 0.0,
      "caught_rounds": {},
      "honest_mean_pnl": 30.0,
      "malicious_mean_pnl": null,
      "clip_counts": {}
    },
    "signflip-mean-iid": {
      "scenario": {
        "key": "signflip-mean-iid",
        "label": "Sign flip 5/16 vs mean",
        "iid": true,
        "attack": "sign_flip",
        "n_malicious": 5,
        "aggregator": "mean",
        "audit_probability": 0.0
      },
      "val_losses": [
        5.214622288942337,
        6.397338569164276,
        8.471473753452301,
        9.987026929855347,
        12.0,
        12.0,
        12.0,
        12.0,
        12.0,
        12.0,
        12.0,
        12.0,
        12.0,
        12.0,
        12.0,
        12.0,
        12.0,
        12.0,
        12.0,
        12.0,
        12.0,
        12.0,
        12.0,
        12.0,
        12.0,
        12.0,
        12.0,
        12.0,
        12.0,
        12.0
      ],
      "final_val_loss": 12.0,
      "best_val_loss": 5.214622288942337,
      "honest_selection_rate": 1.0,
      "malicious_selection_rate": 1.0,
      "honest_fpr": 0.0,
      "caught_rounds": {},
      "honest_mean_pnl": 30.0,
      "malicious_mean_pnl": 30.0,
      "clip_counts": {}
    },
    "signflip-clip-iid": {
      "scenario": {
        "key": "signflip-clip-iid",
        "label": "Sign flip 5/16 vs clip",
        "iid": true,
        "attack": "sign_flip",
        "n_malicious": 5,
        "aggregator": "clip",
        "audit_probability": 0.0
      },
      "val_losses": [
        2.7731570452451706,
        2.6188387125730515,
        2.554888978600502,
        2.5230944752693176,
        2.4963344782590866,
        2.485770657658577,
        2.4616615623235703,
        2.4569927901029587,
        2.446903705596924,
        2.444592982530594,
        2.4321497827768326,
        2.4233342111110687,
        2.4167704731225967,
        2.410635307431221,
        2.4071824699640274,
        2.3985456824302673,
        2.394979014992714,
        2.384273335337639,
        2.382769927382469,
        2.3745276480913162,
        2.369715631008148,
        2.356733977794647,
        2.353442668914795,
        2.341363564133644,
        2.3259297609329224,
        2.311071366071701,
        2.297433450818062,
        2.2536704689264297,
        2.2307248413562775,
        2.202512949705124
      ],
      "final_val_loss": 2.202512949705124,
      "best_val_loss": 2.202512949705124,
      "honest_selection_rate": 1.0,
      "malicious_selection_rate": 0.02666666666666667,
      "honest_fpr": 0.0,
      "caught_rounds": {},
      "honest_mean_pnl": 30.0,
      "malicious_mean_pnl": 0.8,
      "clip_counts": {
        "5": 15,
        "6": 15,
        "7": 14,
        "8": 20,
        "9": 20,
        "10": 18,
        "11": 17,
        "0": 1,
        "2": 1,
        "3": 1,
        "4": 1,
        "12": 18,
        "13": 19,
        "15": 15,
        "14": 19
      }
    },
    "alie-clip-iid": {
      "scenario": {
        "key": "alie-clip-iid",
        "label": "ALIE 5/16 vs clip",
        "iid": true,
        "attack": "alie",
        "n_malicious": 5,
        "aggregator": "clip",
        "audit_probability": 0.0
      },
      "val_losses": [
        2.7743742167949677,
        2.610502064228058,
        2.5387888699769974,
        2.5137743651866913,
        2.4885190278291702,
        2.4723272025585175,
        2.454953521490097,
        2.4559296369552612,
        2.4440129101276398,
        2.441682055592537,
        2.4285455644130707,
        2.4219804853200912,
        2.4133516997098923,
        2.409109354019165,
        2.407168745994568,
        2.3985977470874786,
        2.393385648727417,
        2.382828652858734,
        2.3748815953731537,
        2.3633719980716705,
        2.3564617186784744,
        2.3479626178741455,
        2.3319414258003235,
        2.3265473544597626,
        2.303267687559128,
        2.2975242137908936,
        2.2641987651586533,
        2.2558920085430145,
        2.2113390117883682,
        2.190139129757881
      ],
      "final_val_loss": 2.190139129757881,
      "best_val_loss": 2.190139129757881,
      "honest_selection_rate": 1.0,
      "malicious_selection_rate": 1.0,
      "honest_fpr": 0.0,
      "caught_rounds": {},
      "honest_mean_pnl": 30.0,
      "malicious_mean_pnl": 30.0,
      "clip_counts": {
        "0": 15,
        "1": 15,
        "2": 15,
        "3": 15,
        "4": 15,
        "5": 18,
        "6": 25,
        "7": 23,
        "8": 24,
        "9": 26,
        "10": 23,
        "11": 24,
        "15": 23,
        "12": 20,
        "13": 19,
        "14": 25
      }
    },
    "alie-clip-audit-iid": {
      "scenario": {
        "key": "alie-clip-audit-iid",
        "label": "ALIE 5/16 vs clip + audit",
        "iid": true,
        "attack": "alie",
        "n_malicious": 5,
        "aggregator": "clip",
        "audit_probability": 0.1
      },
      "val_losses": [
        2.774374157190323,
        2.6105020195245743,
        2.5386988669633865,
        2.513761267066002,
        2.488325461745262,
        2.4724381268024445,
        2.4550238996744156,
        2.4564560502767563,
        2.444107547402382,
        2.441898062825203,
        2.4282917827367783,
        2.422156900167465,
        2.4138993471860886,
        2.4099512845277786,
        2.406776010990143,
        2.399484872817993,
        2.3935973048210144,
        2.3839388638734818,
        2.374166950583458,
        2.3640946596860886,
        2.3608494699001312,
        2.3457509726285934,
        2.3390932977199554,
        2.321769639849663,
        2.3186550736427307,
        2.2884012907743454,
        2.263782039284706,
        2.2297845631837845,
        2.210253655910492,
        2.1940966695547104
      ],
      "final_val_loss": 2.1940966695547104,
      "best_val_loss": 2.1940966695547104,
      "honest_selection_rate": 1.0,
      "malicious_selection_rate": 1.0,
      "honest_fpr": 0.0,
      "caught_rounds": {
        "0": 12,
        "1": 20,
        "2": 1,
        "3": 5,
        "4": 11
      },
      "honest_mean_pnl": 30.0,
      "malicious_mean_pnl": -9.0,
      "clip_counts": {
        "0": 13,
        "1": 21,
        "2": 2,
        "3": 6,
        "4": 12,
        "5": 16,
        "6": 18,
        "7": 15,
        "8": 22,
        "9": 13,
        "10": 16,
        "11": 14,
        "15": 12,
        "12": 15,
        "13": 15,
        "14": 21
      }
    },